[
{
    "key": "Test.Vehicle.acc1",
    "value": "[0.1,0.4,0.0,3]",
    "ts": "0"
},
{
    "key": "Test.Vehicle.acc1",
    "value": "[0.2,0.5,0.5,3]",
    "ts": "1"
},
{
    "key": "Test.Vehicle.acc1",
    "value": "[0.7,0.6,0.1,3]",
    "ts": "2"
},
{
    "key": "Test.Vehicle.acc1",
    "value": "[0.7,0.7,0.4,3]",
    "ts": "3"
},
{
    "key": "Test.Vehicle.acc1",
    "value": "[0.1,0.4,0.0,3]",
    "ts": "4"
},
{
    "key": "Test.Vehicle.acc1",
    "value": "[0.2,0.5,0.5,3]",
    "ts": "5"
},
{
    "key": "Test.Vehicle.acc1",
    "value": "[0.7,0.6,0.1,3]",
    "ts": "6"
},
{
    "key": "Test.Vehicle.acc1",
    "value": "[0.7,0.7,0.4,3]",
    "ts": "7"
},
{
    "key": "Test.Vehicle.acc1",
    "value": "[0.1,0.4,0.0,3]",
    "ts": "8"
},
{
    "key": "Test.Vehicle.acc1",
    "value": "[0.2,0.5,0.5,3]",
    "ts": "9"
},
{
    "key": "Test.Vehicle.acc1",
    "value": "[0.7,0.6,0.1,3]",
    "ts": "10"
},
{
    "key": "Test.Vehicle.acc1",
    "value": "[0.7,0.7,0.4,3]",
    "ts": "11"
},
{
    "key": "Test.Vehicle.acc1",
    "value": "[0.1,0.4,0.0,3]",
    "ts": "14"
},
{
    "key": "Test.Vehicle.acc1",
    "value": "[0.2,0.5,0.5,3]",
    "ts": "15"
},
{
    "key": "Test.Vehicle.acc1",
    "value": "[0.7,0.6,0.1,3]",
    "ts": "16"
},
{
    "key": "Test.Vehicle.acc1",
    "value": "[0.7,0.7,0.4,3]",
    "ts": "17"
}
]