[
{
    "sensor-name": "acc1",
    "sensor-vendor": "vis based",
    "version":1,
    "sensor-type":1,
    "sensor-type-string":"android.sensor.accelerometer",
    "max-range":19.62,
    "resolution":0.01,
    "power":1,
    "min-delay":100000,
    "max-delay":1000000,
    "permission":"",
    "flags":0,
    "vis-property": "Test.Vehicle.acc1"
},
{
    "sensor-name": "acc2",
    "sensor-vendor": "vis based",
    "version":1,
    "sensor-type":1,
    "sensor-type-string":"android.sensor.accelerometer",
    "max-range":19.62,
    "resolution":0.01,
    "power":1,
    "min-delay":100000,
    "max-delay":1000000,
    "permission":"",
    "flags":0,
    "vis-property": "Test.Vehicle.acc2"
},
{
    "sensor-name": "acc3",
    "sensor-vendor": "vis based",
    "version":1,
    "sensor-type":1,
    "sensor-type-string":"android.sensor.accelerometer",
    "max-range":19.62,
    "resolution":0.01,
    "power":1,
    "min-delay":100000,
    "max-delay":1000000,
    "permission":"",
    "flags":0,
    "vis-property": "Test.Vehicle.acc3"
},
{
    "sensor-name": "mf1",
    "sensor-vendor": "vis based",
    "version":1,
    "sensor-type":2,
    "sensor-type-string":"android.sensor.magnetic_field",
    "max-range":1300,
    "resolution":0.15,
    "power":1,
    "min-delay":100000,
    "max-delay":1000000,
    "permission":"",
    "flags":0,
    "vis-property": "Test.Vehicle.mf1"
},
{
    "sensor-name": "or1",
    "sensor-vendor": "vis based",
    "version":1,
    "sensor-type":3,
    "sensor-type-string":"android.sensor.orientation",
    "max-range":360,
    "resolution":1,
    "power":1,
    "min-delay":100000,
    "max-delay":1000000,
    "permission":"",
    "flags":0,
    "vis-property": "Test.Vehicle.or1"
},
{
    "sensor-name": "gyr1",
    "sensor-vendor": "vis based",
    "version":1,
    "sensor-type":4,
    "sensor-type-string":"android.sensor.gyroscope",
    "max-range":19.62,
    "resolution":0.01,
    "power":1,
    "min-delay":100000,
    "max-delay":1000000,
    "permission":"",
    "flags":0,
    "vis-property": "Test.Vehicle.gyr1"
},
{
    "sensor-name": "li1",
    "sensor-vendor": "vis based",
    "version":1,
    "sensor-type":5,
    "sensor-type-string":"android.sensor.light",
    "max-range":43000,
    "resolution":10,
    "power":1,
    "min-delay":100000,
    "max-delay":1000000,
    "permission":"",
    "flags":2,
    "vis-property": "Test.Vehicle.li1"
},
{
    "sensor-name": "pr1",
    "sensor-vendor": "vis based",
    "version":1,
    "sensor-type":6,
    "sensor-type-string":"android.sensor.pressure",
    "max-range":1100,
    "resolution":0.005,
    "power":1,
    "min-delay":100000,
    "max-delay":1000000,
    "permission":"",
    "flags":0,
    "vis-property": "Test.Vehicle.pr1"
},
{
    "sensor-name": "prox1",
    "sensor-vendor": "vis based",
    "version":1,
    "sensor-type":8,
    "sensor-type-string":"android.sensor.proximity",
    "max-range":5,
    "resolution":1,
    "power":1,
    "min-delay":100000,
    "max-delay":1000000,
    "permission":"",
    "flags":2,
    "vis-property": "Test.Vehicle.prox1"
},
{
    "sensor-name": "gr1",
    "sensor-vendor": "vis based",
    "version":1,
    "sensor-type":9,
    "sensor-type-string":"android.sensor.gravity",
    "max-range":78.4,
    "resolution":0.001,
    "power":1,
    "min-delay":100000,
    "max-delay":1000000,
    "permission":"",
    "flags":0,
    "vis-property": "Test.Vehicle.gr1"
},
{
    "sensor-name": "lacc1",
    "sensor-vendor": "vis based",
    "version":1,
    "sensor-type":10,
    "sensor-type-string":"android.sensor.linear_acceleration",
    "max-range":1000,
    "resolution":1,
    "power":1,
    "min-delay":100000,
    "max-delay":1000000,
    "permission":"",
    "flags":0,
    "vis-property": "Test.Vehicle.lacc1"
},
{
    "sensor-name": "rv1",
    "sensor-vendor": "vis based",
    "version":1,
    "sensor-type":11,
    "sensor-type-string":"android.sensor.rotation_vector",
    "max-range":1,
    "resolution":0.001,
    "power":1,
    "min-delay":100000,
    "max-delay":1000000,
    "permission":"",
    "flags":0,
    "vis-property": "Test.Vehicle.rv1"
},
{
    "sensor-name": "relh1",
    "sensor-vendor": "vis based",
    "version":1,
    "sensor-type":12,
    "sensor-type-string":"android.sensor.relative_humidity",
    "max-range":100,
    "resolution":0.001,
    "power":1,
    "min-delay":100000,
    "max-delay":1000000,
    "permission":"",
    "flags":2,
    "vis-property": "Test.Vehicle.relh1"
},
{
    "sensor-name": "ambtmp1",
    "sensor-vendor": "vis based",
    "version":1,
    "sensor-type":13,
    "sensor-type-string":"android.sensor.ambient_temperature",
    "max-range":125,
    "resolution":0.001,
    "power":1,
    "min-delay":100000,
    "max-delay":1000000,
    "permission":"",
    "flags":2,
    "vis-property": "Test.Vehicle.ambtmp1"
},
{
    "sensor-name": "mfunc1",
    "sensor-vendor": "vis based",
    "version":1,
    "sensor-type":14,
    "sensor-type-string":"android.sensor.magnetic_field_uncalibrated",
    "max-range":1300,
    "resolution":0.15,
    "power":1,
    "min-delay":100000,
    "max-delay":1000000,
    "permission":"",
    "flags":0,
    "vis-property": "Test.Vehicle.mfunc1"
},
{
    "sensor-name": "grvec1",
    "sensor-vendor": "vis based",
    "version":1,
    "sensor-type":15,
    "sensor-type-string":"android.sensor.game_rotation_vector",
    "max-range":1,
    "resolution":0.001,
    "power":1,
    "min-delay":100000,
    "max-delay":1000000,
    "permission":"",
    "flags":0,
    "vis-property": "Test.Vehicle.grvec1"
},
{
    "sensor-name": "grunc1",
    "sensor-vendor": "vis based",
    "version":1,
    "sensor-type":16,
    "sensor-type-string":"android.sensor.gyroscope_uncalibrated",
    "max-range":17.4,
    "resolution":0.0005,
    "power":1,
    "min-delay":100000,
    "max-delay":1000000,
    "permission":"",
    "flags":0,
    "vis-property": "Test.Vehicle.grunc1"
},
{
    "sensor-name": "sfm1",
    "sensor-vendor": "vis based",
    "version":1,
    "sensor-type":17,
    "sensor-type-string":"android.sensor.significant_motion",
    "max-range":100,
    "resolution":1,
    "power":1,
    "min-delay":-1,
    "max-delay":0,
    "permission":"",
    "flags":4,
    "vis-property": "Test.Vehicle.sfm1"
},
{
    "sensor-name": "gmrotv1",
    "sensor-vendor": "vis based",
    "version":1,
    "sensor-type":20,
    "sensor-type-string":"android.sensor.geomagnetic_rotation_vector",
    "max-range":1,
    "resolution":0.001,
    "power":1,
    "min-delay":100000,
    "max-delay":1000000,
    "permission":"",
    "flags":0,
    "vis-property": "Test.Vehicle.gmrotv1"
},
{
    "sensor-name": "tlt1",
    "sensor-vendor": "vis based",
    "version":1,
    "sensor-type":22,
    "sensor-type-string":"android.sensor.tilt_detector",
    "max-range":1,
    "resolution":1,
    "power":1,
    "min-delay":100000,
    "max-delay":1000000,
    "permission":"",
    "flags":6,
    "vis-property": "Test.Vehicle.tlt1"
},
{
    "sensor-name": "p6dof1",
    "sensor-vendor": "vis based",
    "version":1,
    "sensor-type":28,
    "sensor-type-string":"android.sensor.pose_6dof",
    "max-range":1,
    "resolution":1,
    "power":1,
    "min-delay":100000,
    "max-delay":1000000,
    "permission":"",
    "flags":0,
    "vis-property": "Test.Vehicle.p6dof1"
},
{
    "sensor-name": "stdet1",
    "sensor-vendor": "vis based",
    "version":1,
    "sensor-type":29,
    "sensor-type-string":"android.sensor.stationary_detect",
    "max-range":1,
    "resolution":1,
    "power":1,
    "min-delay":-1,
    "max-delay":0,
    "permission":"",
    "flags":4,
    "vis-property": "Test.Vehicle.stdet1"
},
{
    "sensor-name": "mdet1",
    "sensor-vendor": "vis based",
    "version":1,
    "sensor-type":30,
    "sensor-type-string":"android.sensor.motion_detect",
    "max-range":1,
    "resolution":1,
    "power":1,
    "min-delay":-1,
    "max-delay":0,
    "permission":"",
    "flags":4,
    "vis-property": "Test.Vehicle.mdet1"
}
]
